id,应用名,描述,应用链接PC端,应用链接移动端,ks3store
1,文档迁移工具,一键迁移个人文档，快速同步个人会员权益,https://edu.wps.cn/operation/relatedAccount?utm_source=promotion_from_edu&chn=woa,,DD1AFB29ZDY1MjMwYTY3NWRlYzIyZGM2YjRlMDcwNjhmZGI1MTI6a3MzOndvYS1zdGF0aWM=
2,教研数据,数字教研全流程数据监控,https://ewb.wps.cn/datastat/home?chn=wps_pc_xiezuo_workspace,,DD1AFB29MDA3YmY2YjJlOGQ1MWZhMTg4NGE3ZGYxNmQyYmIzZjA6a3MzOndvYS1zdGF0aWM=
3,教师教学评价,教师教学评价,https://f.wps.cn/ksform/ots/101510,,DD1AFB29MjY3YTY4ZmM5MWM2NzcxMDNkOGNmYzU1ZjJjOGNiOTE6a3MzOndvYS1zdGF0aWM=
4,作品上传及投票,作品上传及投票,https://365.kdocs.cn/3rd/docer/new/dbsheet/900002841/0-0?from=woa_edu_workspace,,DD1AFB29ZDE0ZjQyYjg2YzJlZTVjNWVkOThkNWQ4MDc3ODk1MGM6a3MzOndvYS1zdGF0aWM=
5,活动报名及查询,活动报名及查询,https://365.kdocs.cn/3rd/docer/new/dbsheet/900002792/0-0?from=woa_edu_workspace,,DD1AFB29ZGI4ODM2N2EyNzg4ZDUwOGRkMmJjYzJjOTEyOGRiMDU6a3MzOndvYS1zdGF0aWM=
6,活动筹备及分工,活动筹备及分工,https://365.kdocs.cn/3rd/docer/new/search/dbsheet/900001293?keyword=%E6%B4%BB%E5%8A%A8&from=woa_edu_workspace,,DD1AFB29ODMwNGRlZjdkN2NhZjg5Nzk5NWFlNDgyNTEzNTQ5MzQ6a3MzOndvYS1zdGF0aWM=
7,学生返校信息收集,学生返校信息收集,https://365.kdocs.cn/3rd/docer/new/dbsheet/900002849/0-0?from=woa_edu_workspace,,DD1AFB29NGExZDlhNTBiZTgwNTNmMDMyMWViYWMxNmJlM2VmNWE6a3MzOndvYS1zdGF0aWM=
8,学生假期去向管理,学生假期去向管理,https://365.kdocs.cn/3rd/docer/new/dbsheet/900002848/0-0?from=woa_edu_workspace,,DD1AFB29NmY2MGY3Y2ZhOTE5ODBlNzRlMDI5MWVjOTVjNWVjNmY6a3MzOndvYS1zdGF0aWM=
9,论文文献管理,论文文献管理,https://365.kdocs.cn/3rd/docer/new/dbsheet/900001926/0-0?from=pc_mymbshare,,DD1AFB29MzdhMGI5ZDNkMGFiNmNjMjQ4NmI2OGJmYWI5YWVmZWQ6a3MzOndvYS1zdGF0aWM=
10,教学空间,基于资源协同的一站式数字化教研平台,https://ewb.wps.cn/?chn=wps_pc_xiezuo_workspace,,DD1AFB29OWI2NGNlMjRjNzY5MTJhZDViZWVjNmY3NjlhNWY0OWY6a3MzOndvYS1zdGF0aWM=
11,WPS精品课,暂无,https://edu.wps.cn/,https://edu.wps.cn/,DD1AFB29YTI0MmEwMWEzYjBhNzhiNDJmNzdkMjg5OTMwNmYzYTg6a3MzOndvYS1zdGF0aWM=
12,KOS认证,金山推出的“学、练、考、评”一体化办公技能认证平台，旨在为学生及职场人士等所有需要使用WPS Office软件的用户人群提供的办公技能人才培育及认证平台,https://wps-ncre.u.wps.cn/web#/kos-main,https://kos.wps.cn/m,DD1AFB29ZDdlNjliOThlNzQ4MDVmMjAwNTE5NDJkYzVjZjA4YTY6a3MzOndvYS1zdGF0aWM=
13,计算机二级,暂无,https://wps-ncre.u.wps.cn/web#/main,https://edu-m.wps.cn/detail/18e39765271d4cfdb7fcf6c9fe77e8fe,DD1AFB29ZjNhOWQwM2ZlMjBjOGQ0ZWJjY2E3YmU2ZjBjM2Y1M2Q6a3MzOndvYS1zdGF0aWM=
14,计算机一级,暂无,https://wps-ncre.u.wps.cn/web#/main,https://edu-m.wps.cn/detail/011c2642731247e5bd2d6fb654a566c1,DD1AFB29Y2YwZjk1MWM5MGMwZGVmNWY1M2M0OGY5MjRiNmUwNTI6a3MzOndvYS1zdGF0aWM=
15,WPS数智教育案例,WPS 365教育版数智教育场景实践案例集锦,https://365.kdocs.cn/wo/sl/v127ffVw,https://365.kdocs.cn/wo/sl/v127ffVw,DD1AFB29ODM5MGUzMTlmOWYzMzdmMTlhZWM0ZTMyN2U4MDYxMzg6a3MzOndvYS1zdGF0aWM=
16,WPS帮助中心,WPS 365教育版知识库，汇集各功能使用教程,https://365.kdocs.cn/wiki/l/0lcrGMUh9sQ78r/qa/?from=grouptitle,https://365.kdocs.cn/wiki/l/0lcrGMUh9sQ78r/qa/?from=grouptitle,DD1AFB29MGM4NjVhOTJiNDM4YmMyYzViMjRlNzQ0ZmNiMzZhNGE6a3MzOndvYS1zdGF0aWM=
17,文件收集,暂无,https://yunbiz.wps.cn/c/,https://yunbiz.wps.cn/c/,DD1AFB29ZDQ2NDMwNDI2ODcxMTYwMTY5MTllZWM4YjgwM2JkYTk6a3MzOndvYS1zdGF0aWM=
18,数字党建,便捷管理组织内党员信息,https://abp.wps.cn/p/wps/enter/AK20240109JNHUBC,https://abp.wps.cn/p/wps/enter/AK20240109JNHUBC,DD1AFB29ZWNiY2QyMWU1ZmI0M2NlYThmM2E1YTU4NWVhNzFhNjA6a3MzOndvYS1zdGF0aWM=
19,AI论文解读,暂无,https://lingxi.wps.cn/read,https://lingxi.wps.cn/read,DD1AFB29ODNhMGFjZDU5MWNiZmY4MDMyYThlYWMwYTAxODQyODE6a3MzOndvYS1zdGF0aWM=
20,AI PPT助手,暂无,https://lingxi.wps.cn/ppt,https://lingxi.wps.cn/ppt,DD1AFB29NzU0OWVjMzY1YmU5NjIwMGQ3ZTY0MTgzYTY2ZTY3Y2Q6a3MzOndvYS1zdGF0aWM=
21,AI 写作助手,暂无,https://lingxi.wps.cn/creative,https://lingxi.wps.cn/creative,DD1AFB29MjllZDEwZGIyMGQzNmQzMThlN2NjMDdlNDY0M2MxNDY6a3MzOndvYS1zdGF0aWM=
22,知情同意书,暂无,https://edu.wps.cn/form/informed,https://edu.wps.cn/form/informed,DD1AFB29YTQ0MWY0NTEwMDgyOWZkZDI4NWQ3ODQ4NWNlNDI3ZDE6a3MzOndvYS1zdGF0aWM=
23,校园投票,暂无,https://edu.wps.cn/form/vote?chn=wps_collaborate_pc_workspace,https://edu.wps.cn/form/vote?chn=wps_collaborate_pc_workspace,DD1AFB29ZmIzN2M2ZjQzYTBiNmMwNDhmNWVhNTMyOTNlNmU2M2Y6a3MzOndvYS1zdGF0aWM=
24,WPS学堂,Office技巧学习平台,https://www.wps.cn/learning/,https://www.wps.cn/learning/,DD1AFB29ZTY0MzdmNzE1NzdhMmIwMDliMzgwODRlYWMzZjhlZjc6a3MzOndvYS1zdGF0aWM=
25,作品投票,暂无,https://edu.wps.cn/form/vote?chn=wps_collaborate_pc_workspace,https://edu.wps.cn/form/vote?chn=wps_collaborate_pc_workspace,DD1AFB29MzRjNmEwNjIzMGRkYzZjZDdlNjAwYTU4MTc5M2U4OGI6a3MzOndvYS1zdGF0aWM=
26,课程投票,暂无,https://edu.wps.cn/form/vote?chn=wps_collaborate_pc_workspace,https://edu.wps.cn/form/vote?chn=wps_collaborate_pc_workspace,DD1AFB29NTM5Y2ZkYWRjYjFhZWE5ZDM4OThmOTU3NGIwMDVjZDU6a3MzOndvYS1zdGF0aWM=
27,作业收集,暂无,https://yunbiz.wps.cn/c/,https://yunbiz.wps.cn/c/,DD1AFB29M2NhNDNlODViM2YwNzk4MThiY2IxMDAxNzlhMTNmMDg6a3MzOndvYS1zdGF0aWM=
28,WPS AI实训室,聚焦WPS Al智能化办公人才培养,https://ewb.wps.cn/aiTraining/student,https://ewb.wps.cn/aiTraining/student,DD1AFB29NDY2NTU0YWViZmFhMWY0MWU3OGJhNTQ4ZTg2NzA4OWY6a3MzOndvYS1zdGF0aWM=
29,WPS实训室·学生端,WPS实训室·学生端,https://wps-ncre.u.wps.cn/web#/yuren-exam-main,,DD1AFB29ZTBmZjVjMGRhZjI3NDEyYWU1ZjdkNTMxYzVlNjM0M2Q6a3MzOndvYS1zdGF0aWM=
30,WPS实训室·教师端,WPS实训室教师端管理后台,https://kps.wps.cn/admin/login?code=<companyId>,,DD1AFB29ZmUwODIxNThiZDU0ZWVlODgyOGUyZTE2ZTUyYmQ5MGM6a3MzOndvYS1zdGF0aWM=
31,WPS教学平台,WPS一站式办公技能提升平台,https://wps-ncre.u.wps.cn/web#/dashboard,https://wps-ncre.u.wps.cn/web#/dashboard,DD1AFB29NjU2NDU3YzhjNjQ3MzE2MzY2ZmY2MTQwZTQ3OTRiMjU6a3MzOndvYS1zdGF0aWM=
32,WPS灵犀,WPS官方推出的AI 原生办公应用，专注于提升用户的办公效率与创作体验,https://copilot.wps.cn/,https://copilot.wps.cn/,DD1AFB29YmRkY2E1YWQyYzllYjk2YTI2OWQwNTg0NmM3YmE3ODM6a3MzOndvYS1zdGF0aWM=
33,投票,快捷发起管理校内投票,https://edu.wps.cn/form/vote?chn=wps_collaborate_pc_workspace,https://edu.wps.cn/form/vote?chn=wps_collaborate_pc_workspace,DD1AFB29ZjEwYjVhMjljY2M1ZTdiYWVlMDY3OTU3NTU1YzY0MzE6a3MzOndvYS1zdGF0aWM=
34,活动报名,快捷发起并管理报名活动,https://edu.wps.cn/form/informed,https://edu.wps.cn/form/informed,DD1AFB29NmI4ODhmZDU1YTA5ZWI5YWYwMDA1MzNkZmVmNGM5MjU6a3MzOndvYS1zdGF0aWM=
35,工具百宝箱,汇集课前备课、课程教学、课后作业、班务日常等各类提效工具,https://ewb.wps.cn/toolsBox?chn=wps_pc_xiezuo_workspace,https://ewb.wps.cn/toolsBox?chn=wps_pc_xiezuo_workspace,DD1AFB29NTA5NGNmZjMxODVkMTc5MWY2ZmFmNTljM2ZmMzczNjQ6a3MzOndvYS1zdGF0aWM=
36,校本资源,汇集官方提供、校本共建共享的各类教学资源,https://ewb.wps.cn/resource?reloadMenuKey=resource_university&chn=wps_pc_xiezuo_workspace,,DD1AFB29ZjEyYjYyNjA4NzhjYWIyMjhhZTUzZmU4MWQzZWJjZWY6a3MzOndvYS1zdGF0aWM=
37,集体备课,支持发起集体备课任务、在线听评、评课收集等在线协同教研,https://ewb.wps.cn/lessonsGroup?chn=wps_pc_xiezuo_workspace,https://ewb.wps.cn/lessonsGroup?chn=wps_pc_xiezuo_workspace,DD1AFB29MzkzOGM2NTU4MmQ1Nzc1MzJiNmZhY2Y2N2RjMGJmYmM6a3MzOndvYS1zdGF0aWM=
38,个人备课云盘,云端存储备课文件资源、作业一键收集,https://ewb.wps.cn/lessons?chn=wps_pc_xiezuo_workspace,https://ewb.wps.cn/lessons?chn=wps_pc_xiezuo_workspace,DD1AFB29NDI4MTA3MDBmNmVkZjM5ODZmZjRkMTExNTMwN2YwZjI6a3MzOndvYS1zdGF0aWM=
