id,应用名,描述,应用链接PC端,应用链接移动端,ks3store
1,国家中小学智慧教育平台,国家中小学智慧教育平台,https://basic.smartedu.cn/,https://basic.smartedu.cn/,DD1AFB29ZDg4NTJlNzA5YzVjMjcyYTIyMmFjOGIzN2UyZjkwOTY6a3MzOndvYS1zdGF0aWM=
2,学科网,学科网,https://www.zxxk.com/,https://www.zxxk.com/,DD1AFB29YWY0YTVmMzg1YzM1MzEwYzliODk5MWJlYjZmMTUyMmU6a3MzOndvYS1zdGF0aWM=
3,WPS数智教育案例,WPS 365教育版数智教育场景实践案例集锦,https://365.kdocs.cn/wo/sl/v127ffVw,https://365.kdocs.cn/wo/sl/v127ffVw,DD1AFB29YmIwY2ZlMDM2ZGU2MWQzYzNlZmU1ZTBmNTI4MzUzMjE6a3MzOndvYS1zdGF0aWM=
4,WPS学习园地,轻松掌握WPS实用技巧,https://edu.wps.cn/operation/pc/learningHub,https://edu.wps.cn/operation/m/learningHub,DD1AFB29ZDViYzNiZDA5MGJiYjkyMzU0NTQyYjEwNGFkZmI4Y2U6a3MzOndvYS1zdGF0aWM=
5,活动模板,使用多维表模板，一键开展各类活动/赛事,https://365.kdocs.cn/3rd/docer/new/search/dbsheet/900001293?keyword=%E6%B4%BB%E5%8A%A8%E6%A8%A1%E6%9D%BF&from=pc_new_mbshare,https://365.kdocs.cn/3rd/docer/new/search/dbsheet/900001293?keyword=%E6%B4%BB%E5%8A%A8%E6%A8%A1%E6%9D%BF&from=pc_new_mbshare,DD1AFB29ODM1ZmQzMWNiYzg2ZDk2MzcyYTU1MTE5OGU3OGUyOWE6a3MzOndvYS1zdGF0aWM=
6,数字党建,便捷管理组织内党员信息,https://abp.wps.cn/p/wps/enter/AK20240109JNHUBC,https://abp.wps.cn/p/wps/enter/AK20240109JNHUBC,DD1AFB29YmUyNzA4ODE2MmU4NWMzNmZlMzhjMGM2ZmJiN2ZlY2M6a3MzOndvYS1zdGF0aWM=
7,投票,快捷发起管理校内投票,https://edu.wps.cn/form/vote?chn=wps_collaborate_pc_workspace,https://edu.wps.cn/form/vote?chn=wps_collaborate_pc_workspace,DD1AFB29NTBkYWUyNWQ0YmYxZTAxZmZiZTIyYjY0YmU5OThjOWQ6a3MzOndvYS1zdGF0aWM=
8,知情同意书,快捷发起并管理同意书,https://edu.wps.cn/form/informed,https://edu.wps.cn/form/informed,DD1AFB29Zjc0Nzk2ZWU3MTI1YmJlMjZjZWQ0ZjhmNDE2ZGYyZjY6a3MzOndvYS1zdGF0aWM=
9,报名,快捷发起并管理报名活动,https://edu.wps.cn/form/informed,https://edu.wps.cn/form/informed,DD1AFB29MzEwNTYyNjNhMGJhZDQ1MjY2ZmI1MTBkZDc0ODkzMjg6a3MzOndvYS1zdGF0aWM=
10,文件收集,收作业、收文件,https://yunbiz.wps.cn/c/,https://yunbiz.wps.cn/c/,DD1AFB29MDUzOThlZWQwZWE3NThkYTUwMWVmN2YxNmJhOTExNmY6a3MzOndvYS1zdGF0aWM=
11,WPS教学平台,WPS一站式办公技能提升平台，助力数字化办公人才培养,ksoqing://type=ksolaunch&source=vasapp&tag=vasapptag&cmd=UnVuIC9JbnN0YW5jZUlkPVdwc0Nsb3VkU3ZyIHdwc2Nsb3Vkc3ZyaW1wLmRsbCAvcnVuX2FwcCAvYXBwX2lkPXdwc2V4YW0gL3NyYz1wdWJsaWNfZXh0ZXJuYWxCcm93c2Vy&token=a30794428a87774de44a67eb75dca70d,ksoqing://type=ksolaunch&source=vasapp&tag=vasapptag&cmd=UnVuIC9JbnN0YW5jZUlkPVdwc0Nsb3VkU3ZyIHdwc2Nsb3Vkc3ZyaW1wLmRsbCAvcnVuX2FwcCAvYXBwX2lkPXdwc2V4YW0gL3NyYz1wdWJsaWNfZXh0ZXJuYWxCcm93c2Vy&token=a30794428a87774de44a67eb75dca70d,DD1AFB29ZjVkNjllMzc2NzY2ZjhhMTU0OWQ2NzVmNjMyNjk0MDE6a3MzOndvYS1zdGF0aWM=
12,WPS AI实训室,WPS AI实训室,https://ewb.wps.cn/aiTraining/student,https://ewb.wps.cn/aiTraining/student,DD1AFB29ZDliZTZlZjRkMTMwM2MzNmQxN2MwZGViN2QyNWNkMTA6a3MzOndvYS1zdGF0aWM=
13,教研数据,数字教研全流程数据监控,https://ewb.wps.cn/datastat/home?chn=wps_pc_xiezuo_workspace,https://ewb.wps.cn/datastat/home?chn=wps_pc_xiezuo_workspace,DD1AFB29NzA3NjA4NzE1MGIwNjQxYjgyNTlmNjdmMzBiOTQ0ZjU6a3MzOndvYS1zdGF0aWM=
14,WPS灵犀,WPS官方推出的AI 原生办公应用，专注于提升用户的办公效率与创作体验,https://lingxi.wps.cn?from=wps_pc_xiezuo_edu,https://lingxi.wps.cn?from=wps_pc_xiezuo_edu,DD1AFB29NWNhZDMyZTU1ZjYyNDgyMDg0ZThhYmFhZjc0MGJjMzQ6a3MzOndvYS1zdGF0aWM=
15,教学工具箱,汇集课前备课、课程教学、课后作业、班务日常等各类提效工具,https://ewb.wps.cn/toolsBox?chn=wps_pc_xiezuo_workspace,https://ewb.wps.cn/toolsBox?chn=wps_pc_xiezuo_workspace,DD1AFB29MTI4MTIzMzUwOWI0YmUzMmI4MzJjYjMwN2FkZjRmNDg6a3MzOndvYS1zdGF0aWM=
16,校本资源,汇集官方提供、校本共建共享的各类教学资源,https://ewb.wps.cn/resource?reloadMenuKey=resource_university&chn=wps_pc_xiezuo_workspace,https://ewb.wps.cn/resource?reloadMenuKey=resource_university&chn=wps_pc_xiezuo_workspace,DD1AFB29ODI2ZTNmMDEwMzM0NjExZTM5YWYxOTQyNTQxNjY3OTc6a3MzOndvYS1zdGF0aWM=
17,集体备课,支持发起集体备课任务、在线听评、评课收集等在线协同教研,https://ewb.wps.cn/lessonsGroup?chn=wps_pc_xiezuo_workspace,https://ewb.wps.cn/lessonsGroup?chn=wps_pc_xiezuo_workspace,DD1AFB29NDc1OTZhNzJlYmE3OGI4OTY3N2M3OTYwOTc2YTY1OWI6a3MzOndvYS1zdGF0aWM=
18,个人备课云盘,云端存储备课文件资源、作业一键收集,https://ewb.wps.cn/lessons?chn=wps_pc_xiezuo_workspace,https://ewb.wps.cn/lessons?chn=wps_pc_xiezuo_workspace,DD1AFB29OTI2OGUwMjVkZjc1YTQwZWU3YWQ4MTlhYjRiZTM5YTU6a3MzOndvYS1zdGF0aWM=
19,教学空间,基于资源协同的一站式数字化教研平台,https://ewb.wps.cn/?chn=wps_pc_xiezuo_workspace,https://ewb.wps.cn/?chn=wps_pc_xiezuo_workspace,DD1AFB29ZmY4OTJkYWVlNGMxMTc1NTJkNDUyMDljODRjODU1MWY6a3MzOndvYS1zdGF0aWM=
