{
  "数字教研": [
    "教学空间",
    "个人备课云盘",
    "集体备课",
    "校本资源",
    "教学工具箱",
    "会议",
    "教研数据",
    "AI PPT助手",
    "AI论文解读",
    "论文AI助手"
  ],
  "人工智能教育": ["WPS AI实训室", "WPS灵犀", "WPS教学平台"],
  "德育教育": ["笔记"],
  "教务管理": ["文件收集", "报名", "知情同意书", "投票", "表单", "数字党建"],
  "赛事活动": ["报名", "投票", "文件收集", "活动模板"],
  "数字办公": [
    "轻审批",
    "汇报",
    "邮箱",
    "日历",
    "会议",
    "待办中心",
    "公告",
    "服务台",
    "团队广场",
    "同事圈"
  ],
  "素养提升": ["学习园地", "WPS教学平台", "WPS数智教育案例"]
}
