{
    "release_type": 1,
    "content": {
        "pc": "{\"type\":\"Root\",\"id\":\"root\",\"props\":{\"background_props\":{\"background\":{\"type\":\"background_image\"},\"responsiveTopBar\":false,\"settings\":{\"background_color\":{\"value\":\"#F5F5F5\"},\"background_image\":{\"store_key\":\"DD1AFB29NmUzZjE4MGZlNWQxZTM0MjZmZTJhZDhmNWEzYTc0ODc6a3MzOndvYS1zdGF0aWM=\"},\"background_upload_image\":{\"dark\":{\"store_key\":\"\"},\"light\":{\"store_key\":\"\"}}},\"transparency\":100}},\"children\":[{\"type\":\"BlockPCHeader\",\"id\":\"BlockPCHeader\",\"props\":{\"header_props\":{\"all_buttons\":[{\"enable\":true,\"key\":\"allApp\",\"name\":\"所有应用\",\"pc_open_mode\":1,\"url\":\"\"},{\"enable\":true,\"key\":\"createApp\",\"name\":\"应用开发\",\"pc_open_mode\":1,\"url\":\"\"},{\"enable\":true,\"key\":\"manageApp\",\"name\":\"应用管理\",\"pc_open_mode\":1,\"url\":\"\"},{\"enable\":true,\"key\":\"getApps\",\"name\":\"获取应用\",\"pc_open_mode\":2,\"url\":\"\"},{\"enable\":true,\"key\":\"customApp\",\"name\":\"搭建应用\",\"pc_open_mode\":2,\"url\":\"\"},{\"enable\":true,\"key\":\"groupSetting\",\"name\":\"设置\",\"pc_open_mode\":1,\"url\":\"\"}],\"buttons\":[{\"key\":\"allApp\",\"name\":\"所有应用\",\"pc_open_mode\":1,\"url\":\"\"},{\"key\":\"createApp\",\"name\":\"应用开发\",\"pc_open_mode\":1,\"url\":\"\"},{\"key\":\"manageApp\",\"name\":\"应用管理\",\"pc_open_mode\":1,\"url\":\"\"},{\"key\":\"getApps\",\"name\":\"获取应用\",\"pc_open_mode\":2,\"url\":\"\"},{\"key\":\"customApp\",\"name\":\"搭建应用\",\"pc_open_mode\":2,\"url\":\"\"},{\"key\":\"groupSetting\",\"name\":\"设置\",\"pc_open_mode\":1,\"url\":\"\"}]}}},{\"type\":\"LayoutTwoColumn\",\"id\":\"LayoutTwoColumn-17419336968834\",\"props\":{\"layout_setting\":{\"grids\":\"1:1\",\"mode\":1,\"style\":{\"boxSizing\":\"border-box\",\"columnGap\":\"16px\",\"display\":\"grid\",\"gridAutoRows\":\"auto\",\"gridTemplateColumns\":\"calc(66.66666666666666% - 5.333333333333332px) calc(33.33333333333333% - 10.666666666666666px)\",\"marginBottom\":\"16px\",\"marginLeft\":\"auto\",\"marginRight\":\"auto\",\"marginTop\":\"16px\",\"maxWidth\":\"1858px\",\"paddingLeft\":\"32px\",\"paddingRight\":\"32px\",\"rowGap\":\"16px\"},\"suggest_grids\":\"2:1\"}},\"children\":[{\"type\":\"BlockContainer\",\"id\":\"BlockContainer-17419336968835\",\"props\":{\"style\":{\"gridArea\":\"1 / 1 / 2 / 2\"}},\"children\":[{\"type\":\"BlockBanner\",\"id\":\"60651\",\"props\":{\"block_props\":{\"block_id\":\"60651\",\"setting_url\":\"https://open-xz.wps.cn/workspace/banner/60651?client=pc&config=%7B%22maxWidth%22%3A1190.6666666666665%2C%22minWidth%22%3A472.66666666666663%2C%22height%22%3A280%7D\",\"status\":0},\"editor_props\":{\"show_header\":true,\"style\":{\"height\":\"280px\"},\"title\":\"宣传栏\",\"title_i18n\":{\"en-US\":\"Bulletin board\",\"ja-JP\":\"掲示板\",\"th-TH\":\"กระดานข่าว\",\"zh-CN\":\"宣传栏\",\"zh-HK\":\"宣傳欄\"},\"title_url\":\"\"}}}]},{\"type\":\"BlockContainer\",\"id\":\"BlockContainer-17419336968836\",\"props\":{\"style\":{\"gridArea\":\"1 / 2 / 2 / 3\"}},\"children\":[{\"type\":\"BlockAnnouncement\",\"id\":\"56993\",\"props\":{\"block_props\":{\"block_id\":\"56993\",\"status\":0,\"template_config\":{\"display_mode\":1}},\"editor_props\":{\"show_header\":true,\"style\":{\"height\":\"280px\"},\"title\":\"公告\",\"title_i18n\":{\"en-US\":\"Announcement\",\"ja-JP\":\"お知らせ\",\"th-TH\":\"ประกาศ\",\"zh-CN\":\"公告\",\"zh-HK\":\"公告\"},\"title_url\":\"\"}}}]}]},{\"type\":\"LayoutTwoColumn\",\"id\":\"LayoutTwoColumn-17422668062004\",\"props\":{\"layout_setting\":{\"grids\":\"1:1\",\"mode\":0,\"style\":{\"boxSizing\":\"border-box\",\"columnGap\":\"16px\",\"display\":\"grid\",\"gridAutoRows\":\"auto\",\"gridTemplateColumns\":\"calc(50% - 8px) calc(50% - 8px)\",\"marginBottom\":\"16px\",\"marginLeft\":\"auto\",\"marginRight\":\"auto\",\"marginTop\":\"16px\",\"maxWidth\":\"1858px\",\"paddingLeft\":\"32px\",\"paddingRight\":\"32px\",\"rowGap\":\"16px\"},\"suggest_grids\":\"1:1\"}},\"children\":[{\"type\":\"BlockContainer\",\"id\":\"BlockContainer-17422668062005\",\"props\":{\"style\":{\"gridArea\":\"1 / 1 / 2 / 2\"}},\"children\":[{\"type\":\"BlockFavoriteApp\",\"id\":\"56991\",\"props\":{\"block_props\":{\"block_id\":\"56991\",\"status\":0,\"template_config\":{\"display_mode\":\"all\",\"single_count_mode\":\"resize\"}},\"editor_props\":{\"show_header\":true,\"style\":{\"height\":\"280px\"},\"title\":\"常用应用\",\"title_i18n\":{\"en-US\":\"Common apps\",\"ja-JP\":\"一般的なアプリ\",\"th-TH\":\"แอปทั่วไป\",\"zh-CN\":\"常用应用\",\"zh-HK\":\"常用應用程式\"},\"title_url\":\"\"}}}]},{\"type\":\"BlockContainer\",\"id\":\"BlockContainer-17422668062006\",\"props\":{\"style\":{\"gridArea\":\"1 / 2 / 2 / 3\"}},\"children\":[{\"type\":\"BlockRili\",\"id\":\"56992\",\"props\":{\"block_props\":{\"block_id\":\"56992\",\"status\":0},\"editor_props\":{\"show_header\":true,\"style\":{\"height\":\"280px\"},\"title\":\"日历\",\"title_i18n\":{\"en-US\":\"Calendar\",\"ja-JP\":\"カレンダー\",\"th-TH\":\"ปฏิทิน\",\"zh-CN\":\"日历\",\"zh-HK\":\"日曆\"},\"title_url\":\"\"}}}]}]},{\"type\":\"Layout\",\"id\":\"Layout-174193369959511\",\"props\":{\"layout_setting\":{\"style\":{\"boxSizing\":\"border-box\",\"marginBottom\":\"16px\",\"marginLeft\":\"auto\",\"marginRight\":\"auto\",\"marginTop\":\"16px\",\"maxWidth\":\"1858px\",\"paddingLeft\":\"32px\",\"paddingRight\":\"32px\"}}},\"children\":[{\"type\":\"BlockContainer\",\"id\":\"BlockContainer-174193369959512\",\"props\":{},\"children\":[{\"type\":\"BlockAppListFluid\",\"id\":\"56509\",\"props\":{\"block_props\":{\"block_id\":\"56509\",\"status\":0},\"editor_props\":{\"is_fold_options\":true,\"show_header\":true,\"style\":{\"height\":\"auto\"},\"title\":\"应用列表\",\"title_i18n\":{\"en-US\":\"System app list\",\"ja-JP\":\"システム アプリ リスト\",\"th-TH\":\"รายการแอประบบ\",\"zh-CN\":\"应用列表\",\"zh-HK\":\"系統應用程式清單\"},\"title_url\":\"\"}}}]}]}]}",
        "mobile": "{\"type\":\"Root\",\"id\":\"root\",\"props\":{},\"children\":[{\"type\":\"BlockMobileHeader\",\"id\":\"BlockMobileHeader\",\"props\":{\"header_props\":{\"all_buttons\":[{\"enable\":true,\"key\":\"allApp\",\"name\":\"所有应用\",\"url\":\"\"}],\"buttons\":[{\"key\":\"allApp\",\"name\":\"所有应用\",\"url\":\"\"}]}}},{\"type\":\"Layout\",\"id\":\"Layout-174193520496115\",\"props\":{\"layout_setting\":{\"style\":{\"boxSizing\":\"border-box\",\"marginBottom\":\"24px\",\"marginTop\":\"16px\",\"paddingLeft\":\"16px\",\"paddingRight\":\"16px\"}}},\"children\":[{\"type\":\"BlockContainer\",\"id\":\"BlockContainer-174193520496116\",\"props\":{},\"children\":[{\"type\":\"BlockBanner\",\"id\":\"56510\",\"props\":{\"block_props\":{\"block_id\":\"56510\",\"setting_url\":\"https://open-xz.wps.cn/workspace/banner/56510?client=mobile\",\"status\":0},\"editor_props\":{\"show_header\":true,\"style\":{\"height\":\"auto\"},\"title\":\"宣传栏\",\"title_i18n\":{\"en-US\":\"Bulletin board\",\"ja-JP\":\"掲示板\",\"th-TH\":\"กระดานข่าว\",\"zh-CN\":\"宣传栏\",\"zh-HK\":\"宣傳欄\"},\"title_url\":\"\"}}}]}]},{\"type\":\"Layout\",\"id\":\"Layout-174193521027717\",\"props\":{\"layout_setting\":{\"style\":{\"boxSizing\":\"border-box\",\"marginBottom\":\"24px\",\"marginTop\":\"16px\",\"paddingLeft\":\"16px\",\"paddingRight\":\"16px\"}}},\"children\":[{\"type\":\"BlockContainer\",\"id\":\"BlockContainer-174193521027718\",\"props\":{},\"children\":[{\"type\":\"BlockRili\",\"id\":\"56511\",\"props\":{\"block_props\":{\"block_id\":\"56511\",\"status\":0},\"editor_props\":{\"show_header\":true,\"style\":{\"height\":\"280px\"},\"title\":\"日历\",\"title_i18n\":{\"en-US\":\"Calendar\",\"ja-JP\":\"カレンダー\",\"th-TH\":\"ปฏิทิน\",\"zh-CN\":\"日历\",\"zh-HK\":\"日曆\"},\"title_url\":\"\"}}}]}]},{\"type\":\"Layout\",\"id\":\"Layout-174193517293213\",\"props\":{\"layout_setting\":{\"style\":{\"boxSizing\":\"border-box\",\"marginBottom\":\"24px\",\"marginTop\":\"16px\",\"paddingLeft\":\"16px\",\"paddingRight\":\"16px\"}}},\"children\":[{\"type\":\"BlockContainer\",\"id\":\"BlockContainer-174193517293314\",\"props\":{},\"children\":[{\"type\":\"BlockFavoriteApp\",\"id\":\"56507\",\"props\":{\"block_props\":{\"block_id\":\"56507\",\"status\":0,\"template_config\":{\"display_mode\":\"all\",\"single_count_mode\":\"resize\"}},\"editor_props\":{\"show_header\":true,\"style\":{\"height\":\"auto\"},\"title\":\"常用应用\",\"title_i18n\":{\"en-US\":\"Common apps\",\"ja-JP\":\"一般的なアプリ\",\"th-TH\":\"แอปทั่วไป\",\"zh-CN\":\"常用应用\",\"zh-HK\":\"常用應用程式\"},\"title_url\":\"\"}}}]}]},{\"type\":\"Layout\",\"id\":\"Layout-17434783958484\",\"props\":{\"layout_setting\":{\"style\":{\"boxSizing\":\"border-box\",\"marginBottom\":\"24px\",\"marginTop\":\"16px\",\"paddingLeft\":\"16px\",\"paddingRight\":\"16px\"}}},\"children\":[{\"type\":\"BlockContainer\",\"id\":\"BlockContainer-17434783958485\",\"props\":{},\"children\":[{\"type\":\"BlockBasicApp\",\"id\":\"59235\",\"props\":{\"block_props\":{\"block_id\":\"59235\",\"status\":0,\"template_config\":{\"display_mode\":\"all\",\"single_count_mode\":\"resize\"}},\"editor_props\":{\"show_header\":true,\"style\":{\"height\":\"auto\"},\"title\":\"基础应用\",\"title_i18n\":{\"en-US\":\"Basic Apps\",\"ja-JP\":\"基本アプリ\",\"th-TH\":\"แอปพื้นฐาน\",\"zh-CN\":\"基础应用\",\"zh-HK\":\"基礎應用\"},\"title_url\":\"\"}}}]}]}]}"
    },
    "remark": "创建-高校智慧平台"
}