{
  "数字教研": [
    "教学空间",
    "个人备课云盘",
    "集体备课",
    "校本资源",
    "教学工具箱",
    "会议",
    "教研数据",
    "AI 写作",
    "AI 搜索",
    "AI PPT助手"
  ],
  "人工智能教育": [
    "WPS AI实训室",
    "WPS灵犀",
    "WPS教学平台",
    "WPS实训室·教师端"
  ],
  "教务管理": [
    "数字党建",
    "文件收集",
    "报名",
    "知情同意书",
    "教师教学评价",
    "投票",
    "表单",
    "学生花名册",
    "教师花名册"
  ],
  "赛事活动": [
    "活动报名",
    "活动报名查询",
    "活动筹备分工",
    "活动模板",
    "文件收集",
    "作品上传及投票",
    "作品投票",
    "课程投票",
    "投票"
  ],
  "数字办公": [
    "轻审批",
    "汇报",
    "邮箱",
    "日历",
    "会议",
    "待办中心",
    "公告",
    "服务台",
    "团队广场",
    "同事圈"
  ],
  "素养提升": [
    "WPS帮助中心",
    "WPS精品课",
    "WPS学堂",
    "KOS认证",
    "国家中小学智慧教育平台",
    "学科网"
  ],
  "家校互联": [
    "家访记录档案",
    "家长会签到",
    "学生花名册",
    "知情同意书"
  ]
}