{
  "实训教学": [
    "灵犀",
    "实训",
    "WPS AI实训室",
    "WPS实训室·学生端",
    "WPS实训室·教师端",
    "个人备课云盘",
    "作业收集",
    "会议",
    "笔记",
    "待办中心",
    "教师教学评价"
  ],
  "智慧科研": [
    "教研",
    "个人备课云盘",
    "集体备课",
    "校本资源",
    "工具百宝箱",
    "灵犀",
    "AI 论文解读",
    "AI PPT助手",
    "AI 写作助手",
    "AI 资料查找"
  ],
  "教务管理": [
    "知情同意书",
    "文件收集",
    "轻审批",
    "投票",
    "表单",
    "日历",
    "公告",
    "会议",
    "会议室",
    "学生返校信息收集",
    "学生假期去向管理"
  ],
  "课程思政": [
    "灵犀",
    "数字党建"
  ],
  "虚拟教研室": [
    "教研",
    "个人备课云盘",
    "集体备课",
    "教研数据",
    "校本资源",
    "工具百宝箱",
    "活动报名",
    "投票",
    "灵犀"
  ],
  "数字办公": [
    "公告",
    "汇报",
    "轻审批",
    "数字党建",
    "邮箱",
    "日历",
    "表单",
    "服务台",
    "会议室",
    "同事圈",
    "团队广场",
    "待办中心",
    "会议",
    "笔记",
    "投票",
    "文档迁移工具"
  ],
  "赛事活动": [
    "公告",
    "待办中心",
    "活动报名",
    "文件收集",
    "投票",
    "作品上传投票",
    "活动报名查询",
    "活动筹备分工",
    "作品投票"
  ],
  "素养提升": [
    "精品课",
    "WPS学堂",
    "KOS认证",
    "计算机一级",
    "计算机二级"
  ]
}