{
  "数字教研": [
    "教研",
    "个人备课云盘",
    "集体备课",
    "校本资源",
    "教学工具箱",
    "会议",
    "教研数据",
    "教学资源"
  ],
  "人工智能教育": [
    "WPS AI 实训室",
    "灵犀",
    "实训",
    "AI 阅读",
    "AI PPT",
    "AI 写作",
    "AI 搜索"
  ],
  "教务管理": [
    "文件收集",
    "报名",
    "知情同意书",
    "投票",
    "表单",
    "数字党建",
    "家访记录档案",
    "学生花名册",
    "教师花名册"
  ],
  "赛事活动": [
    "报名",
    "投票",
    "文件收集",
    "活动模板"
  ],
  "数字办公": [
    "轻审批",
    "汇报",
    "邮箱",
    "日历",
    "会议",
    "待办中心",
    "公告",
    "服务台",
    "团队广场",
    "同事圈",
    "文档迁移",
    "校服订购系统"
  ],
  "素养提升": [
    "精品课",
    "WPS 学堂",
    "实训",
    "WPS 数智教育案例"
  ],
  "家校互联": [
    "家访记录档案",
    "家长会签到",
    "校服订购系统",
    "学生花名册",
    "学期个人评价",
    "户籍信息确认",
    "投票",
    "报名",
    "文件收集",
    "知情同意书",
    "表单"
  ]
}