{
  "release_type": 1,
  "content": {
    "pc": {
      "type": "Root",
      "id": "root",
      "props": {
        "background_props": {
          "background": {
            "type": "background_upload_image"
          },
          "responsiveTopBar": true,
          "settings": {
            "background_color": {
              "value": "#F5F5F5"
            },
            "background_image": {
              "store_key": "DD1AFB29ODQwY2MzNzI3MmQ4YTc2ZTY2ZWRlZGU2YmRiOTg1OGM6a3MzOndvYS1zdGF0aWM="
            },
            "background_upload_image": {
              "dark": {
                "store_key": ""
              },
              "light": {
                "store_key": "DD1AFB29NmVmZTlmZmUxODUwM2MyNTgwZWRjZjI4OWJkZGE1NjY6a3MzOmtvYS1pbWc="
              }
            }
          },
          "transparency": 100
        }
      },
      "children": [
        {
          "type": "BlockPCHeader",
          "id": "BlockPCHeader",
          "props": {
            "header_props": {
              "all_buttons": [
                {
                  "enable": true,
                  "key": "allApp",
                  "name": "所有应用",
                  "pc_open_mode": 1,
                  "url": ""
                },
                {
                  "enable": true,
                  "key": "createApp",
                  "name": "应用开发",
                  "pc_open_mode": 1,
                  "url": ""
                },
                {
                  "enable": true,
                  "key": "manageApp",
                  "name": "应用管理",
                  "pc_open_mode": 1,
                  "url": ""
                },
                {
                  "enable": true,
                  "key": "getApps",
                  "name": "获取应用",
                  "pc_open_mode": 2,
                  "url": ""
                },
                {
                  "enable": true,
                  "key": "customApp",
                  "name": "搭建应用",
                  "pc_open_mode": 2,
                  "url": ""
                },
                {
                  "enable": true,
                  "key": "groupSetting",
                  "name": "设置",
                  "pc_open_mode": 1,
                  "url": ""
                }
              ],
              "buttons": [
                {
                  "key": "allApp",
                  "name": "所有应用",
                  "pc_open_mode": 1,
                  "url": ""
                },
                {
                  "key": "createApp",
                  "name": "应用开发",
                  "pc_open_mode": 1,
                  "url": ""
                },
                {
                  "key": "manageApp",
                  "name": "应用管理",
                  "pc_open_mode": 1,
                  "url": ""
                },
                {
                  "key": "getApps",
                  "name": "获取应用",
                  "pc_open_mode": 2,
                  "url": ""
                },
                {
                  "key": "customApp",
                  "name": "搭建应用",
                  "pc_open_mode": 2,
                  "url": ""
                },
                {
                  "key": "groupSetting",
                  "name": "设置",
                  "pc_open_mode": 1,
                  "url": ""
                }
              ]
            }
          }
        },
        {
          "type": "LayoutTwoColumn",
          "id": "LayoutTwoColumn-17458061293724",
          "props": {
            "layout_setting": {
              "grids": "1:1",
              "mode": 1,
              "style": {
                "boxSizing": "border-box",
                "columnGap": "16px",
                "display": "grid",
                "gridAutoRows": "auto",
                "gridTemplateColumns": "calc(66.66666666666666% - 5.333333333333332px) calc(33.33333333333333% - 10.666666666666666px)",
                "marginBottom": "16px",
                "marginLeft": "auto",
                "marginRight": "auto",
                "marginTop": "16px",
                "maxWidth": "1858px",
                "paddingLeft": "32px",
                "paddingRight": "32px",
                "rowGap": "16px"
              },
              "suggest_grids": "2:1"
            }
          },
          "children": [
            {
              "type": "BlockContainer",
              "id": "BlockContainer-17458061293725",
              "props": {
                "style": {
                  "gridArea": "1 / 1 / 2 / 2"
                }
              },
              "children": [
                {
                  "type": "BlockBanner",
                  "id": "$BlockBanner_id",
                  "props": {
                    "block_props": {
                      "block_id": "$BlockBanner_id",
                      "setting_url": "https://open-xz.wps.cn/workspace/banner/$BlockBanner_id?client=pc&config=%7B%22maxWidth%22%3A1191%2C%22minWidth%22%3A473%2C%22height%22%3A280%7D",
                      "status": 0
                    },
                    "editor_props": {
                      "show_header": true,
                      "style": {
                        "height": "280px"
                      },
                      "title": "宣传栏",
                      "title_i18n": {
                        "en-US": "Bulletin board",
                        "ja-JP": "掲示板",
                        "th-TH": "กระดานข่าว",
                        "zh-CN": "宣传栏",
                        "zh-HK": "宣傳欄"
                      },
                      "title_url": ""
                    }
                  }
                }
              ]
            },
            {
              "type": "BlockContainer",
              "id": "BlockContainer-17458061293726",
              "props": {
                "style": {
                  "gridArea": "1 / 2 / 2 / 3"
                }
              },
              "children": [
                {
                  "type": "BlockAnnouncement",
                  "id": "$BlockAnnouncement_id",
                  "props": {
                    "block_props": {
                      "block_id": "$BlockAnnouncement_id",
                      "status": 0,
                      "template_config": {
                        "display_mode": 1
                      }
                    },
                    "editor_props": {
                      "show_header": true,
                      "style": {
                        "height": "280px"
                      },
                      "title": "公告",
                      "title_i18n": {
                        "en-US": "Announcement",
                        "ja-JP": "お知らせ",
                        "th-TH": "ประกาศ",
                        "zh-CN": "公告",
                        "zh-HK": "公告"
                      },
                      "title_url": ""
                    }
                  }
                }
              ]
            }
          ]
        },
        {
          "type": "LayoutTwoColumn",
          "id": "LayoutTwoColumn-17419373263959",
          "props": {
            "layout_setting": {
              "grids": "1:1",
              "mode": 0,
              "style": {
                "boxSizing": "border-box",
                "columnGap": "16px",
                "display": "grid",
                "gridAutoRows": "auto",
                "gridTemplateColumns": "calc(50% - 8px) calc(50% - 8px)",
                "marginBottom": "16px",
                "marginLeft": "auto",
                "marginRight": "auto",
                "marginTop": "16px",
                "maxWidth": "1858px",
                "paddingLeft": "32px",
                "paddingRight": "32px",
                "rowGap": "16px"
              },
              "suggest_grids": "1:1"
            }
          },
          "children": [
            {
              "type": "BlockContainer",
              "id": "BlockContainer-174193732639510",
              "props": {
                "style": {
                  "gridArea": "1 / 1 / 2 / 2"
                }
              },
              "children": [
                {
                  "type": "BlockPersonalPrepareLessons",
                  "id": "$BlockPersonalPrepareLessons_id",
                  "props": {
                    "block_props": {
                      "block_id": "$BlockPersonalPrepareLessons_id",
                      "status": 0
                    },
                    "editor_props": {
                      "show_header": true,
                      "style": {
                        "height": "280px"
                      },
                      "title": "我的备课本",
                      "title_url": ""
                    }
                  }
                }
              ]
            },
            {
              "type": "BlockContainer",
              "id": "BlockContainer-174193732639511",
              "props": {
                "style": {
                  "gridArea": "1 / 2 / 2 / 3"
                }
              },
              "children": [
                {
                  "type": "BlockGroupPrepareLessons",
                  "id": "$BlockGroupPrepareLessons_id",
                  "props": {
                    "block_props": {
                      "block_id": "$BlockGroupPrepareLessons_id",
                      "status": 0
                    },
                    "editor_props": {
                      "show_header": true,
                      "style": {
                        "height": "280px"
                      },
                      "title": "协同教研",
                      "title_url": ""
                    }
                  }
                }
              ]
            }
          ]
        },
        {
          "type": "Layout",
          "id": "Layout-17429854389144",
          "props": {
            "layout_setting": {
              "style": {
                "boxSizing": "border-box",
                "marginBottom": "16px",
                "marginLeft": "auto",
                "marginRight": "auto",
                "marginTop": "16px",
                "maxWidth": "1858px",
                "paddingLeft": "32px",
                "paddingRight": "32px"
              }
            }
          },
          "children": [
            {
              "type": "BlockContainer",
              "id": "BlockContainer-17429854389145",
              "props": {},
              "children": [
                {
                  "type": "BlockAppListFluid",
                  "id": "$BlockAppListFluid_id",
                  "props": {
                    "block_props": {
                      "block_id": "$BlockAppListFluid_id",
                      "status": 0
                    },
                    "editor_props": {
                      "show_header": true,
                      "style": {
                        "height": "auto"
                      },
                      "title": "系统应用列表",
                      "title_i18n": {
                        "en-US": "System app list",
                        "ja-JP": "システム アプリ リスト",
                        "th-TH": "รายการแอประบบ",
                        "zh-CN": "系统应用列表",
                        "zh-HK": "系統應用程式清單"
                      },
                      "title_url": ""
                    }
                  }
                }
              ]
            }
          ]
        }
      ]
    },
    "mobile": {
      "type": "Root",
      "id": "root",
      "props": {
        "background_props": {
          "background": {
            "type": "background_upload_image"
          },
          "responsiveTopBar": true,
          "settings": {
            "background_color": {
              "value": "#FFFFFF"
            },
            "background_image": {
              "store_key": ""
            },
            "background_upload_image": {
              "dark": {
                "store_key": ""
              },
              "light": {
                "store_key": "DD1AFB29YTRiNjRlZjBhNGE5MGM2YWYxOGNkMzI2Njc3NTkzZTY6a3MzOmtvYS1pbWc="
              }
            }
          },
          "transparency": 100
        }
      },
      "children": [
        {
          "type": "BlockMobileHeader",
          "id": "BlockMobileHeader",
          "props": {
            "header_props": {
              "all_buttons": [
                {
                  "enable": true,
                  "key": "allApp",
                  "name": "所有应用",
                  "name_i18n": {
                    "en-US": "All Apps",
                    "ja-JP": "すべてのアプリ",
                    "th-TH": "แอปทั้งหมด",
                    "zh-CN": "所有应用",
                    "zh-HK": "所有應用程式"
                  },
                  "url": ""
                }
              ],
              "buttons": [
                {
                  "key": "allApp",
                  "name": "所有应用",
                  "name_i18n": {
                    "en-US": "All Apps",
                    "ja-JP": "すべてのアプリ",
                    "th-TH": "แอปทั้งหมด",
                    "zh-CN": "所有应用",
                    "zh-HK": "所有應用程式"
                  },
                  "url": ""
                }
              ]
            }
          }
        },
        {
          "type": "Layout",
          "id": "Layout-17422696375704",
          "props": {
            "layout_setting": {
              "style": {
                "boxSizing": "border-box",
                "marginBottom": "24px",
                "marginTop": "16px",
                "paddingLeft": "16px",
                "paddingRight": "16px"
              }
            }
          },
          "children": [
            {
              "type": "BlockContainer",
              "id": "BlockContainer-17422696375705",
              "props": {},
              "children": [
                {
                  "type": "BlockAnnouncement",
                  "id": "$BlockAnnouncement_id",
                  "props": {
                    "block_props": {
                      "block_id": "$BlockAnnouncement_id",
                      "status": 0,
                      "template_config": {
                        "display_mode": 1
                      }
                    },
                    "editor_props": {
                      "show_header": true,
                      "style": {
                        "height": "280px"
                      },
                      "title": "公告",
                      "title_i18n": {
                        "en-US": "Announcement",
                        "ja-JP": "お知らせ",
                        "th-TH": "ประกาศ",
                        "zh-CN": "公告",
                        "zh-HK": "公告"
                      },
                      "title_url": ""
                    }
                  }
                }
              ]
            }
          ]
        },
        {
          "type": "Layout",
          "id": "Layout-17422696375706",
          "props": {
            "layout_setting": {
              "style": {
                "boxSizing": "border-box",
                "marginBottom": "24px",
                "marginTop": "16px",
                "paddingLeft": "16px",
                "paddingRight": "16px"
              }
            }
          },
          "children": [
            {
              "type": "BlockContainer",
              "id": "BlockContainer-17422696375707",
              "props": {},
              "children": [
                {
                  "type": "BlockFavoriteApp",
                  "id": "$BlockFavoriteApp_id",
                  "props": {
                    "block_props": {
                      "block_id": "$BlockFavoriteApp_id",
                      "status": 0,
                      "template_config": {
                        "display_mode": "all",
                        "single_count_mode": "resize"
                      }
                    },
                    "editor_props": {
                      "customHeight": "200px",
                      "show_header": true,
                      "style": {
                        "height": "auto"
                      },
                      "title": "常用应用",
                      "title_i18n": {
                        "en-US": "Common apps",
                        "ja-JP": "一般的なアプリ",
                        "th-TH": "แอปทั่วไป",
                        "zh-CN": "常用应用",
                        "zh-HK": "常用應用程式"
                      },
                      "title_url": ""
                    }
                  }
                }
              ]
            }
          ]
        },
        {
          "type": "Layout",
          "id": "Layout-17422696375708",
          "props": {
            "layout_setting": {
              "style": {
                "boxSizing": "border-box",
                "marginBottom": "24px",
                "marginTop": "16px",
                "paddingLeft": "16px",
                "paddingRight": "16px"
              }
            }
          },
          "children": [
            {
              "type": "BlockContainer",
              "id": "BlockContainer-17422696375709",
              "props": {},
              "children": [
                {
                  "type": "BlockRili",
                  "id": "$BlockRili_id",
                  "props": {
                    "block_props": {
                      "block_id": "$BlockRili_id",
                      "status": 0
                    },
                    "editor_props": {
                      "show_header": true,
                      "style": {
                        "height": "280px"
                      },
                      "title": "日历",
                      "title_i18n": {
                        "en-US": "Calendar",
                        "ja-JP": "カレンダー",
                        "th-TH": "ปฏิทิน",
                        "zh-CN": "日历",
                        "zh-HK": "日曆"
                      },
                      "title_url": ""
                    }
                  }
                }
              ]
            }
          ]
        },
        {
          "type": "Layout",
          "id": "Layout-174226963757010",
          "props": {
            "layout_setting": {
              "style": {
                "boxSizing": "border-box",
                "marginBottom": "24px",
                "marginTop": "16px",
                "paddingLeft": "16px",
                "paddingRight": "16px"
              }
            }
          },
          "children": [
            {
              "type": "BlockContainer",
              "id": "BlockContainer-174226963757011",
              "props": {},
              "children": [
                {
                  "type": "BlockBasicApp",
                  "id": "$BlockBasicApp_id",
                  "props": {
                    "block_props": {
                      "block_id": "$BlockBasicApp_id",
                      "status": 0,
                      "template_config": {
                        "display_mode": "all",
                        "single_count_mode": "resize"
                      }
                    },
                    "editor_props": {
                      "show_header": true,
                      "style": {
                        "height": "auto"
                      },
                      "title": "基础应用",
                      "title_i18n": {
                        "en-US": "Basic Apps",
                        "ja-JP": "基本アプリ",
                        "th-TH": "แอปพื้นฐาน",
                        "zh-CN": "基础应用",
                        "zh-HK": "基礎應用"
                      },
                      "title_url": ""
                    }
                  }
                }
              ]
            }
          ]
        }
      ]
    }
  },
  "remark": "创建-基教智慧平台"
}